RPSEJ10,1000ml Compartment Clamshell,1
RPSEJ9,Bagasse 600ml Clamshell,1
RPSEJ6,6" Hamburger Box,1
CPBURGERC,Burger and Chips Box,10
CPBURGER,Small Burger and Chips Box,8.5
C101,Coke 330ml,9.95
8x8White,8 x 8 White,6.5
10x10White,10 x 10 White,8.5
10x10GP,10 x 10 Greaseproof,12.5
12Pint,1/2 Pint Plastic Glasses,30
PintGlass,Plastic Pint Glasses,35
12ozS,12oz Smoothie Cups,60
12ozD,12oz Domed Lids,35
16ozS,16oz Smoothie Cups,70
16ozD,16oz Domed Lids,35
GPP,Greaseproof Paper,9.5
BW,Burger Wrap,18.5
WC,Wooden Cutlery,24
PC,Plastic Cutlery,8.5
360,Mark,534.74
7605C,Markus,34.74
767605C,Markus,34.74
36675C,Markus,34.74
36056C,Markus,34.74
3605C,Markus,34.74
3606C,Markus,34.74
3607C,Markus,34.74
3608C,Markus,34.74
3609C,Markus,34.74
